{
  "Allston": -1.7998478479398,
  "Arlington": -6.0990898245063,
  "Arlington, Town of": 24.28573835527,
  "Auburndale": 14.16908223666,
  "Avon": -4.7792025746356,
  "Bedford": -8.2000000000001,
  "Belmont": 13.588399969472,
  "Beverly": 26.809621945136,
  "Billerica": -3.7986948766131,
  "Boston": 45.80943344496,
  "Braintree": 0.69524866614078,
  "Brighton": 1.1752778229485,
  "Brockton": 1.2067570207465,
  "Brookline": -19.598195518636,
  "Burlington": 30.66056655504,
  "Cambridge": 53.957218146079,
  "Charlestown": 11.382592318948,
  "Chelsea": 8.0964892930003,
  "Chestnut Hill": 38.43281360954,
  "Danvers": 18.71506199084,
  "Danvers, Town of": -3.6905020365446,
  "Dedham": 0.90322400625563,
  "Dorchester": 4.819218335989,
  "Dorchester Center": -0.36524086069728,
  "East Weymouth": 0.48394578755211,
  "Everett": 3.0395309188357,
  "Hanscom AFB": 3.87,
  "Hingham": 10.94,
  "Holbrook": 1.2067570207464,
  "Holbrook, Town of": 1.2067570207465,
  "Hyde Park": 29.2097025625,
  "Jamaica Plain": 23.089845345402,
  "Lexington": 9.3134717089555,
  "Lincoln": 3.87,
  "Lynn": 25.959876018319,
  "Lynnfield": 1.9700000000002,
  "Malden": 36.775664914551,
  "Marblehead": -7.3983438693827,
  "Mattapan": 44.644324757902,
  "Medford": 21.469983473769,
  "Melrose": 28.698311082879,
  "Milton": -26.936482808043,
  "Nahant": 24.47634364876,
  "Needham": 23.80379544506,
  "Needham Heights": 23.80379544506,
  "Newton": 25.906758821305,
  "Newton Center": 8.8359484641367,
  "Newton Highlands": -15.934713809127,
  "Newton Upper Falls": 23.80379544506,
  "Newtonville": -29.258630253298,
  "North Weymouth": -7.9544802716199,
  "Peabody": 18.71506199084,
  "Quincy": 61.28448027162,
  "Randolph": -4.7792025746356,
  "Reading": 21.281180770754,
  "Revere": 20.86378033292,
  "Roslindale": -4.8094254869398,
  "Roxbury": 6.5002385292833,
  "Roxbury Crossing": -17.006192038711,
  "Salem": 26.970378054864,
  "Saugus": -33.443721924247,
  "Somerville": 18.678615796021,
  "South Weymouth": 2.9681626373436,
  "Stoneham": 3.5648206928443,
  "Stoneham, Town of": -2.0065171509236,
  "Swampscott": -6.7400292043367,
  "Wakefield": -27.865156768184,
  "Waltham": -48.97292847629,
  "Watertown": 10.509250441804,
  "West Newton": 53.062816326232,
  "West Roxbury": 33.999532075626,
  "Weymouth": 3.4521084248957,
  "Weymouth, Town of": 0.48394578755207,
  "Wilmington": 66.898711402844,
  "Winchester": 25.981288597156,
  "Woburn": -40.619983473769
}