{"City of Boston": 0.39087386999569523, "Private": 0.24594633376381117, "Commonwealth of Massachusetts": 0.3138183383555747, "MassDOT": 0.0022958817620892524, "Community Group/Nonprofit": 0.001004448270914048, "BRA": 0.003730807863395035, "United States of America": 0.0038743004735256135, "Massport": 0.015497201894102454, "BNAN": 0.0014349261013057828, "MWRA": 0.013057827521882623, "MBTA": 0.007892093557181805, "BHA": 0.0005739704405223131, "\r\nCity of Boston": 0.0, "Boston Water & Sewer Commission": 0.0}