{"0": [42.286760040233226, -71.131579998913], "1": [42.27723003972474, -71.15162999989752], "2": [42.28701257579549, -71.14933948906081], "3": [42.322326039953424, -71.05822599916141], "4": [42.322326039953424, -71.05822599916141], "5": [42.27723003972474, -71.15162999989752], "6": [42.26343003889263, -71.15612999892221], "7": [42.27188382977188, -71.16259432780903], "8": [42.283550040170155, -71.15737000010276], "9": [42.283550040170155, -71.15737000010276], "10": [42.286760040233226, -71.131579998913], "11": [42.26343003889263, -71.15612999892221], "12": [42.286760040233226, -71.131579998913], "13": [42.278257323170166, -71.16152554103009], "14": [42.28682272630463, -71.14839120768394], "15": [42.2812200396887, -71.14105000001065], "16": [42.28799774283062, -71.14845074442773], "17": [42.28799774283062, -71.14845074442773], "18": [42.28799774283062, -71.14845074442773], "19": [42.28799774283062, -71.14845074442773]}