{"0": [42.365554369941435, -71.03488972730561], "1": [42.38094881878703, -71.03492085033695], "2": [42.38381754025666, -71.02013172771099], "3": [42.38405004112154, -71.00465999955516], "4": [42.388251925982324, -71.00502368968445], "5": [42.392515176921066, -71.00837350019242], "6": [42.3185860691843, -71.04330568657134], "7": [42.369239391707985, -71.03422003326129], "8": [42.36861937929614, -71.03962974988602], "9": [42.37287943131439, -71.037527717274], "10": [42.37287943131439, -71.037527717274], "11": [42.38094881878703, -71.03492085033695], "12": [42.38094881878703, -71.03492085033695], "13": [42.38094881878703, -71.03492085033695], "14": [42.38094881878703, -71.03492085033695], "15": [42.37585701028206, -71.06680072128057], "16": [42.3766153272993, -71.05754629968145], "17": [42.37585701028206, -71.06680072128057], "18": [42.3766153272993, -71.05754629968145], "19": [42.37907172000601, -71.06723064958565], "20": [42.37907172000601, -71.06723064958565], "21": [42.37976548967341, -71.06991844484834], "22": [42.36243003993878, -71.0519800004145], "23": [42.36488870785461, -71.05748904106524], "24": [42.3656200413209, -71.06564000001711], "25": [42.36029496889806, -71.05827005613621], "26": [42.34139331031501, -71.06882392492977], "27": [42.34857190992061, -71.06378802514254], "28": [42.36527353330452, -71.05441265527188], "29": [42.36527353330452, -71.05441265527188], "30": [42.344360040023346, -71.07352000012985], "31": [42.34677941529223, -71.07610032095195], "32": [42.344360040023346, -71.07352000012985], "33": [42.340120039850035, -71.07937999908737], "34": [42.34261041418704, -71.08416983864018], "35": [42.34503004003568, -71.08812000043905], "36": [42.34503004003568, -71.08812000043905], "37": [42.34227068330537, -71.08467301826846], "38": [42.33549629685573, -71.09419271955753], "39": [42.339613616181026, -71.10089709086466], "40": [42.346076389862, -71.07019880455694], "41": [42.350330040260886, -71.09699999973616], "42": [42.35784003969307, -71.07090999986906], "43": [42.34626335913523, -71.09506994958528], "44": [42.34626335913523, -71.09506994958528], "45": [42.358292625906806, -71.0637488675793], "46": [42.36152003981482, -71.06499999888621], "47": [42.35784003969307, -71.07090999986906], "48": [42.35259003985987, -71.07240000039654], "49": [42.34923106070155, -71.0786586573041], "50": [42.34923106070155, -71.0786586573041], "51": [42.3465220397233, -71.08638999971205], "52": [42.338017263812525, -71.05215063360608], "53": [42.338017263812525, -71.05215063360608], "54": [42.338017263812525, -71.05215063360608], "55": [42.335001535890456, -71.0473110660141], "56": [42.33577598828191, -71.0387140018955], "57": [42.33354004104089, -71.03489000039345], "58": [42.33577598828191, -71.0387140018955], "59": [42.33354004104089, -71.03489000039345], "60": [42.33354004104089, -71.03489000039345], "61": [42.329113747941975, -71.03515012914355], "62": [42.31563508005701, -71.06691180425366], "63": [42.329113747941975, -71.03515012914355], "64": [42.33083262910156, -71.04176538308293], "65": [42.33356509299718, -71.05042906985625], "66": [42.33295575022205, -71.05301670925299], "67": [42.32878004008252, -71.05291000017702], "68": [42.32878004008252, -71.05291000017702], "69": [42.32425003997861, -71.05886999959195], "70": [42.32425003997861, -71.05886999959195], "71": [42.34139331031501, -71.06882392492977], "72": [42.34139331031501, -71.06882392492977], "73": [42.32989113978189, -71.07852836026541], "74": [42.32989113978189, -71.07852836026541], "75": [42.319310605133985, -71.06964679430645], "76": [42.319310605133985, -71.06964679430645], "77": [42.319310605133985, -71.06964679430645], "78": [42.342244658108356, -71.0735481802803], "79": [42.33744003999248, -71.07620999985825], "80": [42.336730040030034, -71.07817999988644], "81": [42.329690040067334, -71.09111999978884], "82": [42.332780039964035, -71.08385999981721], "83": [42.33396343668728, -71.09864979887456], "84": [42.33396343668728, -71.09864979887456], "85": [42.332210039770416, -71.09813999866263], "86": [42.332210039770416, -71.09813999866263], "87": [42.32177670302656, -71.10583877893815], "88": [42.32391203969286, -71.10183799976797], "89": [42.32931004132426, -71.11042000003758], "90": [42.31850003993294, -71.11294999903409], "91": [42.33423795725088, -71.10911701887079], "92": [42.329278950887314, -71.09561586656322], "93": [42.3072600400036, -71.11428999977375], "94": [42.3224251211929, -71.09016396325613], "95": [42.32093971779705, -71.08630896808017], "96": [42.3193700400072, -71.1008899995638], "97": [42.31532004014943, -71.09719999975269], "98": [42.31081003977379, -71.10365999965815], "99": [42.306000040053966, -71.10959999987993], "100": [42.306000040053966, -71.10959999987993], "101": [42.3072600400036, -71.11428999977375], "102": [42.32679004033183, -71.08379999864445], "103": [42.318760040299175, -71.0833099999963], "104": [42.32093971779705, -71.08630896808017], "105": [42.32679004033183, -71.08379999864445], "106": [42.318760040299175, -71.0833099999963], "107": [42.31510906609428, -71.07878000802089], "108": [42.30806004020078, -71.08902000006432], "109": [42.32093971779705, -71.08630896808017], "110": [42.32093971779705, -71.08630896808017], "111": [42.31583004115181, -71.07728000026115], "112": [42.31213004015318, -71.05403999995606], "113": [42.31583004115181, -71.07728000026115], "114": [42.3185860691843, -71.04330568657134], "115": [42.30904836174171, -71.07540619902012], "116": [42.31563508005701, -71.06691180425366], "117": [42.31777047901672, -71.06133808669908], "118": [42.3193700400072, -71.05703999930586], "119": [42.3193700400072, -71.05703999930586], "120": [42.31367898774827, -71.05976917186885], "121": [42.30904836174171, -71.07540619902012], "122": [42.282272537158626, -71.09242413259582], "123": [42.28256003968545, -71.08611000022789], "124": [42.28256003968545, -71.08611000022789], "125": [42.282272537158626, -71.09242413259582], "126": [42.30904836174171, -71.07540619902012], "127": [42.30904836174171, -71.07540619902012], "128": [42.28211232698771, -71.08683972958093], "129": [42.29201647729846, -71.08051724737246], "130": [42.282272537158626, -71.09242413259582], "131": [42.294110040236646, -71.0862800001072], "132": [42.29695804025532, -71.08021099911566], "133": [42.301288508264186, -71.08538014241573], "134": [42.290194476747274, -71.0827569270388], "135": [42.30904836174171, -71.07540619902012], "136": [42.3077768121648, -71.06161619882285], "137": [42.3077768121648, -71.06161619882285], "138": [42.30842254519521, -71.06507128110233], "139": [42.29976794694654, -71.07117908033096], "140": [42.31005004110946, -71.05630999955989], "141": [42.35723404015426, -71.07019500019173], "142": [42.35723404015426, -71.07019500019173], "143": [42.30443007533042, -71.05944901589486], "144": [42.293958105772184, -71.06222005533999], "145": [42.29079889090781, -71.04929904492438], "146": [42.28237633370407, -71.04765865114697], "147": [42.28237633370407, -71.04765865114697], "148": [42.29663689020643, -71.05311547722184], "149": [42.293958105772184, -71.06222005533999], "150": [42.294204147057386, -71.0492038558436], "151": [42.29079889090781, -71.04929904492438], "152": [42.28627455284981, -71.05441187014434], "153": [42.28654163101829, -71.05319095187538], "154": [42.29223724711933, -71.06430912885571], "155": [42.29223724711933, -71.06430912885571], "156": [42.348860039858046, -71.15827999977378], "157": [42.27604659370159, -71.0911980795567], "158": [42.28125310984422, -71.06956933707107], "159": [42.277852129169084, -71.07742997309953], "160": [42.2736062487834, -71.06854173535294], "161": [42.2736062487834, -71.06854173535294], "162": [42.29976794694654, -71.07117908033096], "163": [42.348860039858046, -71.15827999977378], "164": [42.28125310984422, -71.06956933707107], "165": [42.287637809681854, -71.07086639834013], "166": [42.287637809681854, -71.07086639834013], "167": [42.27604659370159, -71.0911980795567],